{"cameraMode":{"drawMode":0,"name":"Shaded","section":"Shading Mode"},"sceneLighting":false,"audioPlay":false,"sceneViewState":{"showFog":true,"showMaterialUpdate":false,"showSkybox":false,"showFlares":true,"showImageEffects":true,"showParticleSystems":true},"in2DMode":false,"pivot":{"x":0.0,"y":6.175741873448715e-8,"z":20.656814575195314},"rotation":{"x":-0.048848818987607959,"y":0.30427446961402895,"z":-0.015625840052962304,"w":-0.9512034058570862},"size":3.94541072845459,"orthographic":false}