{"cameraMode":{"drawMode":0,"name":"Shaded","section":"Shading Mode"},"sceneLighting":true,"audioPlay":false,"sceneViewState":{"showFog":true,"showMaterialUpdate":false,"showSkybox":false,"showFlares":true,"showImageEffects":true,"showParticleSystems":true},"in2DMode":false,"pivot":{"x":20.10099983215332,"y":1.9900000095367432,"z":-23.469999313354493},"rotation":{"x":0.4501705765724182,"y":-0.23584671318531037,"z":0.12458867579698563,"w":0.8521747589111328},"size":0.3535533845424652,"orthographic":false}