{"cameraMode":{"drawMode":0,"name":"Shaded","section":"Shading Mode"},"sceneLighting":true,"audioPlay":false,"sceneViewState":{"showFog":true,"showMaterialUpdate":false,"showSkybox":true,"showFlares":true,"showImageEffects":true,"showParticleSystems":true},"in2DMode":false,"pivot":{"x":16.212175369262697,"y":0.9838013648986816,"z":-1.264681339263916},"rotation":{"x":-0.012001324445009232,"y":-0.0027039411943405868,"z":0.00003845674291369505,"w":-0.9999417662620544},"size":1.2758593559265137,"orthographic":false}